<Anims>
 <anim name="idle" root="hornfire" numframes="1000" framerate="40">
  <frame idx="0" w="208" h="563" x="0.900002" y="-151.199997">
   <element name="symbol0" layername="hornwhite" frame="0" z_index="4" m_a="2.700000" m_b="0.000000" m_c="0.000000" m_d="2.700000" m_tx="-68.000000" m_ty="-277.000000"/>
  </frame>
  <frame idx="25" w="208" h="563" x="0.900002" y="-151.199997">
   <element name="symbol0" layername="hornwhite" frame="0" z_index="4" m_a="2.700000" m_b="0.000000" m_c="0.000000" m_d="2.700000" m_tx="-68.000000" m_ty="-277.000000"/>
  </frame>
  <frame idx="50" w="208" h="563" x="0.900002" y="-151.199997">
   <element name="symbol0" layername="hornwhite" frame="0" z_index="4" m_a="2.700000" m_b="0.000000" m_c="0.000000" m_d="2.700000" m_tx="-68.000000" m_ty="-277.000000"/>
  </frame>
  <frame idx="75" w="208" h="563" x="0.900002" y="-151.199997">
   <element name="symbol0" layername="hornwhite" frame="0" z_index="4" m_a="2.700000" m_b="0.000000" m_c="0.000000" m_d="2.700000" m_tx="-68.000000" m_ty="-277.000000"/>
  </frame>
  <frame idx="100" w="208" h="563" x="0.900002" y="-151.199997">
   <element name="symbol0" layername="hornwhite" frame="0" z_index="4" m_a="2.700000" m_b="0.000000" m_c="0.000000" m_d="2.700000" m_tx="-68.000000" m_ty="-277.000000"/>
  </frame>
  <frame idx="125" w="208" h="563" x="0.900002" y="-151.199997">
   <element name="symbol0" layername="hornwhite" frame="0" z_index="4" m_a="2.700000" m_b="0.000000" m_c="0.000000" m_d="2.700000" m_tx="-68.000000" m_ty="-277.000000"/>
  </frame>
  <frame idx="150" w="208" h="563" x="0.900002" y="-151.199997">
   <element name="symbol0" layername="hornwhite" frame="0" z_index="4" m_a="2.700000" m_b="0.000000" m_c="0.000000" m_d="2.700000" m_tx="-68.000000" m_ty="-277.000000"/>
  </frame>
  <frame idx="175" w="208" h="563" x="0.900002" y="-151.199997">
   <element name="symbol0" layername="hornwhite" frame="0" z_index="4" m_a="2.700000" m_b="0.000000" m_c="0.000000" m_d="2.700000" m_tx="-68.000000" m_ty="-277.000000"/>
  </frame>
  <frame idx="200" w="208" h="563" x="0.900002" y="-151.199997">
   <element name="symbol0" layername="hornwhite" frame="0" z_index="4" m_a="2.700000" m_b="0.000000" m_c="0.000000" m_d="2.700000" m_tx="-68.000000" m_ty="-277.000000"/>
  </frame>
  <frame idx="225" w="208" h="563" x="0.900002" y="-151.199997">
   <element name="symbol0" layername="hornwhite" frame="0" z_index="4" m_a="2.700000" m_b="0.000000" m_c="0.000000" m_d="2.700000" m_tx="-68.000000" m_ty="-277.000000"/>
  </frame>
  <frame idx="250" w="208" h="563" x="0.900002" y="-151.199997">
   <element name="symbol0" layername="hornwhite" frame="0" z_index="4" m_a="2.700000" m_b="0.000000" m_c="0.000000" m_d="2.700000" m_tx="-68.000000" m_ty="-277.000000"/>
  </frame>
  <frame idx="275" w="208" h="563" x="0.900002" y="-151.199997">
   <element name="symbol0" layername="hornwhite" frame="0" z_index="4" m_a="2.700000" m_b="0.000000" m_c="0.000000" m_d="2.700000" m_tx="-68.000000" m_ty="-277.000000"/>
  </frame>
  <frame idx="300" w="208" h="563" x="0.900002" y="-151.199997">
   <element name="symbol0" layername="hornwhite" frame="0" z_index="4" m_a="2.700000" m_b="0.000000" m_c="0.000000" m_d="2.700000" m_tx="-68.000000" m_ty="-277.000000"/>
  </frame>
  <frame idx="325" w="208" h="563" x="0.900002" y="-151.199997">
   <element name="symbol0" layername="hornwhite" frame="0" z_index="4" m_a="2.700000" m_b="0.000000" m_c="0.000000" m_d="2.700000" m_tx="-68.000000" m_ty="-277.000000"/>
  </frame>
  <frame idx="350" w="208" h="563" x="0.900002" y="-151.199997">
   <element name="symbol0" layername="hornwhite" frame="0" z_index="4" m_a="2.700000" m_b="0.000000" m_c="0.000000" m_d="2.700000" m_tx="-68.000000" m_ty="-277.000000"/>
  </frame>
  <frame idx="375" w="208" h="563" x="0.900002" y="-151.199997">
   <element name="symbol0" layername="hornwhite" frame="0" z_index="4" m_a="2.700000" m_b="0.000000" m_c="0.000000" m_d="2.700000" m_tx="-68.000000" m_ty="-277.000000"/>
  </frame>
  <frame idx="400" w="208" h="563" x="0.900002" y="-151.199997">
   <element name="symbol0" layername="hornwhite" frame="0" z_index="4" m_a="2.700000" m_b="0.000000" m_c="0.000000" m_d="2.700000" m_tx="-68.000000" m_ty="-277.000000"/>
  </frame>
  <frame idx="425" w="208" h="563" x="0.900002" y="-151.199997">
   <element name="symbol0" layername="hornwhite" frame="0" z_index="4" m_a="2.700000" m_b="0.000000" m_c="0.000000" m_d="2.700000" m_tx="-68.000000" m_ty="-277.000000"/>
  </frame>
  <frame idx="450" w="208" h="563" x="0.900002" y="-151.199997">
   <element name="symbol0" layername="hornwhite" frame="0" z_index="4" m_a="2.700000" m_b="0.000000" m_c="0.000000" m_d="2.700000" m_tx="-68.000000" m_ty="-277.000000"/>
  </frame>
  <frame idx="475" w="208" h="563" x="0.900002" y="-151.199997">
   <element name="symbol0" layername="hornwhite" frame="0" z_index="4" m_a="2.700000" m_b="0.000000" m_c="0.000000" m_d="2.700000" m_tx="-68.000000" m_ty="-277.000000"/>
  </frame>
  <frame idx="500" w="208" h="563" x="0.900002" y="-151.199997">
   <element name="symbol0" layername="hornwhite" frame="0" z_index="4" m_a="2.700000" m_b="0.000000" m_c="0.000000" m_d="2.700000" m_tx="-68.000000" m_ty="-277.000000"/>
  </frame>
  <frame idx="525" w="208" h="563" x="0.900002" y="-151.199997">
   <element name="symbol0" layername="hornwhite" frame="0" z_index="4" m_a="2.700000" m_b="0.000000" m_c="0.000000" m_d="2.700000" m_tx="-68.000000" m_ty="-277.000000"/>
  </frame>
  <frame idx="550" w="208" h="563" x="0.900002" y="-151.199997">
   <element name="symbol0" layername="hornwhite" frame="0" z_index="4" m_a="2.700000" m_b="0.000000" m_c="0.000000" m_d="2.700000" m_tx="-68.000000" m_ty="-277.000000"/>
  </frame>
  <frame idx="575" w="208" h="563" x="0.900002" y="-151.199997">
   <element name="symbol0" layername="hornwhite" frame="0" z_index="4" m_a="2.700000" m_b="0.000000" m_c="0.000000" m_d="2.700000" m_tx="-68.000000" m_ty="-277.000000"/>
  </frame>
  <frame idx="600" w="208" h="563" x="0.900002" y="-151.199997">
   <element name="symbol0" layername="hornwhite" frame="0" z_index="4" m_a="2.700000" m_b="0.000000" m_c="0.000000" m_d="2.700000" m_tx="-68.000000" m_ty="-277.000000"/>
  </frame>
  <frame idx="625" w="208" h="563" x="0.900002" y="-151.199997">
   <element name="symbol0" layername="hornwhite" frame="0" z_index="4" m_a="2.700000" m_b="0.000000" m_c="0.000000" m_d="2.700000" m_tx="-68.000000" m_ty="-277.000000"/>
  </frame>
  <frame idx="650" w="208" h="563" x="0.900002" y="-151.199997">
   <element name="symbol0" layername="hornwhite" frame="0" z_index="4" m_a="2.700000" m_b="0.000000" m_c="0.000000" m_d="2.700000" m_tx="-68.000000" m_ty="-277.000000"/>
  </frame>
  <frame idx="675" w="208" h="563" x="0.900002" y="-151.199997">
   <element name="symbol0" layername="hornwhite" frame="0" z_index="4" m_a="2.700000" m_b="0.000000" m_c="0.000000" m_d="2.700000" m_tx="-68.000000" m_ty="-277.000000"/>
  </frame>
  <frame idx="700" w="208" h="563" x="0.900002" y="-151.199997">
   <element name="symbol0" layername="hornwhite" frame="0" z_index="4" m_a="2.700000" m_b="0.000000" m_c="0.000000" m_d="2.700000" m_tx="-68.000000" m_ty="-277.000000"/>
  </frame>
  <frame idx="725" w="208" h="563" x="0.900002" y="-151.199997">
   <element name="symbol0" layername="hornwhite" frame="0" z_index="4" m_a="2.700000" m_b="0.000000" m_c="0.000000" m_d="2.700000" m_tx="-68.000000" m_ty="-277.000000"/>
  </frame>
  <frame idx="750" w="208" h="563" x="0.900002" y="-151.199997">
   <element name="symbol0" layername="hornwhite" frame="0" z_index="4" m_a="2.700000" m_b="0.000000" m_c="0.000000" m_d="2.700000" m_tx="-68.000000" m_ty="-277.000000"/>
  </frame>
  <frame idx="775" w="208" h="563" x="0.900002" y="-151.199997">
   <element name="symbol0" layername="hornwhite" frame="0" z_index="4" m_a="2.700000" m_b="0.000000" m_c="0.000000" m_d="2.700000" m_tx="-68.000000" m_ty="-277.000000"/>
  </frame>
  <frame idx="800" w="208" h="563" x="0.900002" y="-151.199997">
   <element name="symbol0" layername="hornwhite" frame="0" z_index="4" m_a="2.700000" m_b="0.000000" m_c="0.000000" m_d="2.700000" m_tx="-68.000000" m_ty="-277.000000"/>
  </frame>
  <frame idx="825" w="208" h="563" x="0.900002" y="-151.199997">
   <element name="symbol0" layername="hornwhite" frame="0" z_index="4" m_a="2.700000" m_b="0.000000" m_c="0.000000" m_d="2.700000" m_tx="-68.000000" m_ty="-277.000000"/>
  </frame>
  <frame idx="850" w="208" h="563" x="0.900002" y="-151.199997">
   <element name="symbol0" layername="hornwhite" frame="0" z_index="4" m_a="2.700000" m_b="0.000000" m_c="0.000000" m_d="2.700000" m_tx="-68.000000" m_ty="-277.000000"/>
  </frame>
  <frame idx="875" w="208" h="563" x="0.900002" y="-151.199997">
   <element name="symbol0" layername="hornwhite" frame="0" z_index="4" m_a="2.700000" m_b="0.000000" m_c="0.000000" m_d="2.700000" m_tx="-68.000000" m_ty="-277.000000"/>
  </frame>
  <frame idx="900" w="208" h="563" x="0.900002" y="-151.199997">
   <element name="symbol0" layername="hornwhite" frame="0" z_index="4" m_a="2.700000" m_b="0.000000" m_c="0.000000" m_d="2.700000" m_tx="-68.000000" m_ty="-277.000000"/>
  </frame>
  <frame idx="925" w="208" h="563" x="0.900002" y="-151.199997">
   <element name="symbol0" layername="hornwhite" frame="0" z_index="4" m_a="2.700000" m_b="0.000000" m_c="0.000000" m_d="2.700000" m_tx="-68.000000" m_ty="-277.000000"/>
  </frame>
  <frame idx="950" w="208" h="563" x="0.900002" y="-151.199997">
   <element name="symbol0" layername="hornwhite" frame="0" z_index="4" m_a="2.700000" m_b="0.000000" m_c="0.000000" m_d="2.700000" m_tx="-68.000000" m_ty="-277.000000"/>
  </frame>
  <frame idx="975" w="208" h="563" x="0.900002" y="-151.199997">
   <element name="symbol0" layername="hornwhite" frame="0" z_index="4" m_a="2.700000" m_b="0.000000" m_c="0.000000" m_d="2.700000" m_tx="-68.000000" m_ty="-277.000000"/>
  </frame>
 </anim>
 <anim name="lit" root="hornfire" numframes="1000" framerate="40">
  <frame idx="0" w="208" h="563" x="0.900002" y="-151.199997">
   <element name="symbol0" layername="hornglow" frame="1" z_index="4" m_a="2.700000" m_b="0.000000" m_c="0.000000" m_d="2.700000" m_tx="-68.000000" m_ty="-277.000000"/>
  </frame>
  <frame idx="25" w="208" h="563" x="0.900002" y="-151.199997">
   <element name="symbol0" layername="hornglow" frame="1" z_index="4" m_a="2.700000" m_b="0.000000" m_c="0.000000" m_d="2.700000" m_tx="-68.000000" m_ty="-277.000000"/>
  </frame>
  <frame idx="50" w="208" h="563" x="0.900002" y="-151.199997">
   <element name="symbol0" layername="hornglow" frame="1" z_index="4" m_a="2.700000" m_b="0.000000" m_c="0.000000" m_d="2.700000" m_tx="-68.000000" m_ty="-277.000000"/>
  </frame>
  <frame idx="75" w="208" h="563" x="0.900002" y="-151.199997">
   <element name="symbol0" layername="hornglow" frame="1" z_index="4" m_a="2.700000" m_b="0.000000" m_c="0.000000" m_d="2.700000" m_tx="-68.000000" m_ty="-277.000000"/>
  </frame>
  <frame idx="100" w="208" h="563" x="0.900002" y="-151.199997">
   <element name="symbol0" layername="hornglow" frame="1" z_index="4" m_a="2.700000" m_b="0.000000" m_c="0.000000" m_d="2.700000" m_tx="-68.000000" m_ty="-277.000000"/>
  </frame>
  <frame idx="125" w="208" h="563" x="0.900002" y="-151.199997">
   <element name="symbol0" layername="hornglow" frame="1" z_index="4" m_a="2.700000" m_b="0.000000" m_c="0.000000" m_d="2.700000" m_tx="-68.000000" m_ty="-277.000000"/>
  </frame>
  <frame idx="150" w="208" h="563" x="0.900002" y="-151.199997">
   <element name="symbol0" layername="hornglow" frame="1" z_index="4" m_a="2.700000" m_b="0.000000" m_c="0.000000" m_d="2.700000" m_tx="-68.000000" m_ty="-277.000000"/>
  </frame>
  <frame idx="175" w="208" h="563" x="0.900002" y="-151.199997">
   <element name="symbol0" layername="hornglow" frame="1" z_index="4" m_a="2.700000" m_b="0.000000" m_c="0.000000" m_d="2.700000" m_tx="-68.000000" m_ty="-277.000000"/>
  </frame>
  <frame idx="200" w="208" h="563" x="0.900002" y="-151.199997">
   <element name="symbol0" layername="hornglow" frame="1" z_index="4" m_a="2.700000" m_b="0.000000" m_c="0.000000" m_d="2.700000" m_tx="-68.000000" m_ty="-277.000000"/>
  </frame>
  <frame idx="225" w="208" h="563" x="0.900002" y="-151.199997">
   <element name="symbol0" layername="hornglow" frame="1" z_index="4" m_a="2.700000" m_b="0.000000" m_c="0.000000" m_d="2.700000" m_tx="-68.000000" m_ty="-277.000000"/>
  </frame>
  <frame idx="250" w="208" h="563" x="0.900002" y="-151.199997">
   <element name="symbol0" layername="hornglow" frame="1" z_index="4" m_a="2.700000" m_b="0.000000" m_c="0.000000" m_d="2.700000" m_tx="-68.000000" m_ty="-277.000000"/>
  </frame>
  <frame idx="275" w="208" h="563" x="0.900002" y="-151.199997">
   <element name="symbol0" layername="hornglow" frame="1" z_index="4" m_a="2.700000" m_b="0.000000" m_c="0.000000" m_d="2.700000" m_tx="-68.000000" m_ty="-277.000000"/>
  </frame>
  <frame idx="300" w="208" h="563" x="0.900002" y="-151.199997">
   <element name="symbol0" layername="hornglow" frame="1" z_index="4" m_a="2.700000" m_b="0.000000" m_c="0.000000" m_d="2.700000" m_tx="-68.000000" m_ty="-277.000000"/>
  </frame>
  <frame idx="325" w="208" h="563" x="0.900002" y="-151.199997">
   <element name="symbol0" layername="hornglow" frame="1" z_index="4" m_a="2.700000" m_b="0.000000" m_c="0.000000" m_d="2.700000" m_tx="-68.000000" m_ty="-277.000000"/>
  </frame>
  <frame idx="350" w="208" h="563" x="0.900002" y="-151.199997">
   <element name="symbol0" layername="hornglow" frame="1" z_index="4" m_a="2.700000" m_b="0.000000" m_c="0.000000" m_d="2.700000" m_tx="-68.000000" m_ty="-277.000000"/>
  </frame>
  <frame idx="375" w="208" h="563" x="0.900002" y="-151.199997">
   <element name="symbol0" layername="hornglow" frame="1" z_index="4" m_a="2.700000" m_b="0.000000" m_c="0.000000" m_d="2.700000" m_tx="-68.000000" m_ty="-277.000000"/>
  </frame>
  <frame idx="400" w="208" h="563" x="0.900002" y="-151.199997">
   <element name="symbol0" layername="hornglow" frame="1" z_index="4" m_a="2.700000" m_b="0.000000" m_c="0.000000" m_d="2.700000" m_tx="-68.000000" m_ty="-277.000000"/>
  </frame>
  <frame idx="425" w="208" h="563" x="0.900002" y="-151.199997">
   <element name="symbol0" layername="hornglow" frame="1" z_index="4" m_a="2.700000" m_b="0.000000" m_c="0.000000" m_d="2.700000" m_tx="-68.000000" m_ty="-277.000000"/>
  </frame>
  <frame idx="450" w="208" h="563" x="0.900002" y="-151.199997">
   <element name="symbol0" layername="hornglow" frame="1" z_index="4" m_a="2.700000" m_b="0.000000" m_c="0.000000" m_d="2.700000" m_tx="-68.000000" m_ty="-277.000000"/>
  </frame>
  <frame idx="475" w="208" h="563" x="0.900002" y="-151.199997">
   <element name="symbol0" layername="hornglow" frame="1" z_index="4" m_a="2.700000" m_b="0.000000" m_c="0.000000" m_d="2.700000" m_tx="-68.000000" m_ty="-277.000000"/>
  </frame>
  <frame idx="500" w="208" h="563" x="0.900002" y="-151.199997">
   <element name="symbol0" layername="hornglow" frame="1" z_index="4" m_a="2.700000" m_b="0.000000" m_c="0.000000" m_d="2.700000" m_tx="-68.000000" m_ty="-277.000000"/>
  </frame>
  <frame idx="525" w="208" h="563" x="0.900002" y="-151.199997">
   <element name="symbol0" layername="hornglow" frame="1" z_index="4" m_a="2.700000" m_b="0.000000" m_c="0.000000" m_d="2.700000" m_tx="-68.000000" m_ty="-277.000000"/>
  </frame>
  <frame idx="550" w="208" h="563" x="0.900002" y="-151.199997">
   <element name="symbol0" layername="hornglow" frame="1" z_index="4" m_a="2.700000" m_b="0.000000" m_c="0.000000" m_d="2.700000" m_tx="-68.000000" m_ty="-277.000000"/>
  </frame>
  <frame idx="575" w="208" h="563" x="0.900002" y="-151.199997">
   <element name="symbol0" layername="hornglow" frame="1" z_index="4" m_a="2.700000" m_b="0.000000" m_c="0.000000" m_d="2.700000" m_tx="-68.000000" m_ty="-277.000000"/>
  </frame>
  <frame idx="600" w="208" h="563" x="0.900002" y="-151.199997">
   <element name="symbol0" layername="hornglow" frame="1" z_index="4" m_a="2.700000" m_b="0.000000" m_c="0.000000" m_d="2.700000" m_tx="-68.000000" m_ty="-277.000000"/>
  </frame>
  <frame idx="625" w="208" h="563" x="0.900002" y="-151.199997">
   <element name="symbol0" layername="hornglow" frame="1" z_index="4" m_a="2.700000" m_b="0.000000" m_c="0.000000" m_d="2.700000" m_tx="-68.000000" m_ty="-277.000000"/>
  </frame>
  <frame idx="650" w="208" h="563" x="0.900002" y="-151.199997">
   <element name="symbol0" layername="hornglow" frame="1" z_index="4" m_a="2.700000" m_b="0.000000" m_c="0.000000" m_d="2.700000" m_tx="-68.000000" m_ty="-277.000000"/>
  </frame>
  <frame idx="675" w="208" h="563" x="0.900002" y="-151.199997">
   <element name="symbol0" layername="hornglow" frame="1" z_index="4" m_a="2.700000" m_b="0.000000" m_c="0.000000" m_d="2.700000" m_tx="-68.000000" m_ty="-277.000000"/>
  </frame>
  <frame idx="700" w="208" h="563" x="0.900002" y="-151.199997">
   <element name="symbol0" layername="hornglow" frame="1" z_index="4" m_a="2.700000" m_b="0.000000" m_c="0.000000" m_d="2.700000" m_tx="-68.000000" m_ty="-277.000000"/>
  </frame>
  <frame idx="725" w="208" h="563" x="0.900002" y="-151.199997">
   <element name="symbol0" layername="hornglow" frame="1" z_index="4" m_a="2.700000" m_b="0.000000" m_c="0.000000" m_d="2.700000" m_tx="-68.000000" m_ty="-277.000000"/>
  </frame>
  <frame idx="750" w="208" h="563" x="0.900002" y="-151.199997">
   <element name="symbol0" layername="hornglow" frame="1" z_index="4" m_a="2.700000" m_b="0.000000" m_c="0.000000" m_d="2.700000" m_tx="-68.000000" m_ty="-277.000000"/>
  </frame>
  <frame idx="775" w="208" h="563" x="0.900002" y="-151.199997">
   <element name="symbol0" layername="hornglow" frame="1" z_index="4" m_a="2.700000" m_b="0.000000" m_c="0.000000" m_d="2.700000" m_tx="-68.000000" m_ty="-277.000000"/>
  </frame>
  <frame idx="800" w="208" h="563" x="0.900002" y="-151.199997">
   <element name="symbol0" layername="hornglow" frame="1" z_index="4" m_a="2.700000" m_b="0.000000" m_c="0.000000" m_d="2.700000" m_tx="-68.000000" m_ty="-277.000000"/>
  </frame>
  <frame idx="825" w="208" h="563" x="0.900002" y="-151.199997">
   <element name="symbol0" layername="hornglow" frame="1" z_index="4" m_a="2.700000" m_b="0.000000" m_c="0.000000" m_d="2.700000" m_tx="-68.000000" m_ty="-277.000000"/>
  </frame>
  <frame idx="850" w="208" h="563" x="0.900002" y="-151.199997">
   <element name="symbol0" layername="hornglow" frame="1" z_index="4" m_a="2.700000" m_b="0.000000" m_c="0.000000" m_d="2.700000" m_tx="-68.000000" m_ty="-277.000000"/>
  </frame>
  <frame idx="875" w="208" h="563" x="0.900002" y="-151.199997">
   <element name="symbol0" layername="hornglow" frame="1" z_index="4" m_a="2.700000" m_b="0.000000" m_c="0.000000" m_d="2.700000" m_tx="-68.000000" m_ty="-277.000000"/>
  </frame>
  <frame idx="900" w="208" h="563" x="0.900002" y="-151.199997">
   <element name="symbol0" layername="hornglow" frame="1" z_index="4" m_a="2.700000" m_b="0.000000" m_c="0.000000" m_d="2.700000" m_tx="-68.000000" m_ty="-277.000000"/>
  </frame>
  <frame idx="925" w="208" h="563" x="0.900002" y="-151.199997">
   <element name="symbol0" layername="hornglow" frame="1" z_index="4" m_a="2.700000" m_b="0.000000" m_c="0.000000" m_d="2.700000" m_tx="-68.000000" m_ty="-277.000000"/>
  </frame>
  <frame idx="950" w="208" h="563" x="0.900002" y="-151.199997">
   <element name="symbol0" layername="hornglow" frame="1" z_index="4" m_a="2.700000" m_b="0.000000" m_c="0.000000" m_d="2.700000" m_tx="-68.000000" m_ty="-277.000000"/>
  </frame>
  <frame idx="975" w="208" h="563" x="0.900002" y="-151.199997">
   <element name="symbol0" layername="hornglow" frame="1" z_index="4" m_a="2.700000" m_b="0.000000" m_c="0.000000" m_d="2.700000" m_tx="-68.000000" m_ty="-277.000000"/>
  </frame>
 </anim>
 <anim name="liton" root="hornfire" numframes="3000" framerate="40">
  <frame idx="0" w="208" h="563" x="0.900002" y="-151.199997">
   <element name="symbol0" layername="hornwhite" frame="0" z_index="4" m_a="2.700000" m_b="0.000000" m_c="0.000000" m_d="2.700000" m_tx="-68.000000" m_ty="-277.000000"/>
  </frame>
  <frame idx="25" w="208" h="563" x="0.900002" y="-151.199997">
   <element name="symbol0" layername="hornwhite" frame="0" z_index="4" m_a="2.700000" m_b="0.000000" m_c="0.000000" m_d="2.700000" m_tx="-68.000000" m_ty="-277.000000"/>
  </frame>
  <frame idx="50" w="208" h="563" x="0.900002" y="-151.199997">
   <element name="symbol0" layername="hornwhite" frame="0" z_index="4" m_a="2.700000" m_b="0.000000" m_c="0.000000" m_d="2.700000" m_tx="-68.000000" m_ty="-277.000000"/>
  </frame>
  <frame idx="75" w="208" h="563" x="0.900002" y="-151.199997">
   <element name="symbol0" layername="hornwhite" frame="0" z_index="4" m_a="2.700000" m_b="0.000000" m_c="0.000000" m_d="2.700000" m_tx="-68.000000" m_ty="-277.000000"/>
  </frame>
  <frame idx="100" w="208" h="563" x="0.900002" y="-151.199997">
   <element name="symbol0" layername="hornwhite" frame="0" z_index="4" m_a="2.700000" m_b="0.000000" m_c="0.000000" m_d="2.700000" m_tx="-68.000000" m_ty="-277.000000"/>
  </frame>
  <frame idx="125" w="208" h="563" x="0.900002" y="-151.199997">
   <element name="symbol0" layername="hornwhite" frame="0" z_index="4" m_a="2.700000" m_b="0.000000" m_c="0.000000" m_d="2.700000" m_tx="-68.000000" m_ty="-277.000000"/>
  </frame>
  <frame idx="150" w="208" h="563" x="0.900002" y="-151.199997">
   <element name="symbol0" layername="hornwhite" frame="0" z_index="4" m_a="2.700000" m_b="0.000000" m_c="0.000000" m_d="2.700000" m_tx="-68.000000" m_ty="-277.000000"/>
  </frame>
  <frame idx="175" w="208" h="563" x="0.900002" y="-151.199997">
   <element name="symbol0" layername="hornwhite" frame="0" z_index="4" m_a="2.700000" m_b="0.000000" m_c="0.000000" m_d="2.700000" m_tx="-68.000000" m_ty="-277.000000"/>
  </frame>
  <frame idx="200" w="208" h="563" x="0.900002" y="-151.199997">
   <element name="symbol0" layername="hornwhite" frame="0" z_index="4" m_a="2.700000" m_b="0.000000" m_c="0.000000" m_d="2.700000" m_tx="-68.000000" m_ty="-277.000000"/>
  </frame>
  <frame idx="225" w="208" h="563" x="0.900002" y="-151.199997">
   <element name="symbol0" layername="hornwhite" frame="0" z_index="4" m_a="2.700000" m_b="0.000000" m_c="0.000000" m_d="2.700000" m_tx="-68.000000" m_ty="-277.000000"/>
  </frame>
  <frame idx="250" w="208" h="563" x="0.900002" y="-151.199997">
   <element name="symbol0" layername="hornwhite" frame="0" z_index="4" m_a="2.700000" m_b="0.000000" m_c="0.000000" m_d="2.700000" m_tx="-68.000000" m_ty="-277.000000"/>
  </frame>
  <frame idx="275" w="208" h="563" x="0.900002" y="-151.199997">
   <element name="symbol0" layername="hornwhite" frame="0" z_index="4" m_a="2.700000" m_b="0.000000" m_c="0.000000" m_d="2.700000" m_tx="-68.000000" m_ty="-277.000000"/>
  </frame>
  <frame idx="300" w="208" h="563" x="0.900002" y="-151.199997">
   <element name="symbol0" layername="hornwhite" frame="0" z_index="4" m_a="2.700000" m_b="0.000000" m_c="0.000000" m_d="2.700000" m_tx="-68.000000" m_ty="-277.000000"/>
  </frame>
  <frame idx="325" w="208" h="563" x="0.900002" y="-151.199997">
   <element name="symbol0" layername="hornwhite" frame="0" z_index="4" m_a="2.700000" m_b="0.000000" m_c="0.000000" m_d="2.700000" m_tx="-68.000000" m_ty="-277.000000"/>
  </frame>
  <frame idx="350" w="208" h="563" x="0.900002" y="-151.199997">
   <element name="symbol0" layername="hornwhite" frame="0" z_index="4" m_a="2.700000" m_b="0.000000" m_c="0.000000" m_d="2.700000" m_tx="-68.000000" m_ty="-277.000000"/>
  </frame>
  <frame idx="375" w="208" h="563" x="0.900002" y="-151.199997">
   <element name="symbol0" layername="hornwhite" frame="0" z_index="4" m_a="2.700000" m_b="0.000000" m_c="0.000000" m_d="2.700000" m_tx="-68.000000" m_ty="-277.000000"/>
  </frame>
  <frame idx="400" w="208" h="563" x="0.900002" y="-151.199997">
   <element name="symbol0" layername="hornwhite" frame="0" z_index="4" m_a="2.700000" m_b="0.000000" m_c="0.000000" m_d="2.700000" m_tx="-68.000000" m_ty="-277.000000"/>
  </frame>
  <frame idx="425" w="208" h="563" x="0.900002" y="-151.199997">
   <element name="symbol0" layername="hornwhite" frame="0" z_index="4" m_a="2.700000" m_b="0.000000" m_c="0.000000" m_d="2.700000" m_tx="-68.000000" m_ty="-277.000000"/>
  </frame>
  <frame idx="450" w="208" h="563" x="0.900002" y="-151.199997">
   <element name="symbol0" layername="hornwhite" frame="0" z_index="4" m_a="2.700000" m_b="0.000000" m_c="0.000000" m_d="2.700000" m_tx="-68.000000" m_ty="-277.000000"/>
  </frame>
  <frame idx="475" w="208" h="563" x="0.900002" y="-151.199997">
   <element name="symbol0" layername="hornwhite" frame="0" z_index="4" m_a="2.700000" m_b="0.000000" m_c="0.000000" m_d="2.700000" m_tx="-68.000000" m_ty="-277.000000"/>
  </frame>
  <frame idx="500" w="208" h="563" x="0.900002" y="-151.199997">
   <element name="symbol0" layername="hornwhite" frame="0" z_index="4" m_a="2.700000" m_b="0.000000" m_c="0.000000" m_d="2.700000" m_tx="-68.000000" m_ty="-277.000000"/>
  </frame>
  <frame idx="525" w="208" h="563" x="0.900002" y="-151.199997">
   <element name="symbol0" layername="hornwhite" frame="0" z_index="4" m_a="2.700000" m_b="0.000000" m_c="0.000000" m_d="2.700000" m_tx="-68.000000" m_ty="-277.000000"/>
  </frame>
  <frame idx="550" w="208" h="563" x="0.900002" y="-151.199997">
   <element name="symbol0" layername="hornwhite" frame="0" z_index="4" m_a="2.700000" m_b="0.000000" m_c="0.000000" m_d="2.700000" m_tx="-68.000000" m_ty="-277.000000"/>
  </frame>
  <frame idx="575" w="208" h="563" x="0.900002" y="-151.199997">
   <element name="symbol0" layername="hornwhite" frame="0" z_index="4" m_a="2.700000" m_b="0.000000" m_c="0.000000" m_d="2.700000" m_tx="-68.000000" m_ty="-277.000000"/>
  </frame>
  <frame idx="600" w="208" h="563" x="0.900002" y="-151.199997">
   <element name="symbol0" layername="hornwhite" frame="0" z_index="4" m_a="2.700000" m_b="0.000000" m_c="0.000000" m_d="2.700000" m_tx="-68.000000" m_ty="-277.000000"/>
  </frame>
  <frame idx="625" w="208" h="563" x="0.900002" y="-151.199997">
   <element name="symbol0" layername="hornwhite" frame="0" z_index="4" m_a="2.700000" m_b="0.000000" m_c="0.000000" m_d="2.700000" m_tx="-68.000000" m_ty="-277.000000"/>
  </frame>
  <frame idx="650" w="208" h="563" x="0.900002" y="-151.199997">
   <element name="symbol0" layername="hornwhite" frame="0" z_index="4" m_a="2.700000" m_b="0.000000" m_c="0.000000" m_d="2.700000" m_tx="-68.000000" m_ty="-277.000000"/>
  </frame>
  <frame idx="675" w="208" h="563" x="0.900002" y="-151.199997">
   <element name="symbol0" layername="hornwhite" frame="0" z_index="4" m_a="2.700000" m_b="0.000000" m_c="0.000000" m_d="2.700000" m_tx="-68.000000" m_ty="-277.000000"/>
  </frame>
  <frame idx="700" w="208" h="563" x="0.900002" y="-151.199997">
   <element name="symbol0" layername="hornwhite" frame="0" z_index="4" m_a="2.700000" m_b="0.000000" m_c="0.000000" m_d="2.700000" m_tx="-68.000000" m_ty="-277.000000"/>
  </frame>
  <frame idx="725" w="208" h="563" x="0.900002" y="-151.199997">
   <element name="symbol0" layername="hornwhite" frame="0" z_index="4" m_a="2.700000" m_b="0.000000" m_c="0.000000" m_d="2.700000" m_tx="-68.000000" m_ty="-277.000000"/>
  </frame>
  <frame idx="750" w="208" h="563" x="0.900002" y="-151.199997">
   <element name="symbol0" layername="hornwhite" frame="0" z_index="4" m_a="2.700000" m_b="0.000000" m_c="0.000000" m_d="2.700000" m_tx="-68.000000" m_ty="-277.000000"/>
  </frame>
  <frame idx="775" w="208" h="563" x="0.900002" y="-151.199997">
   <element name="symbol0" layername="hornwhite" frame="0" z_index="4" m_a="2.700000" m_b="0.000000" m_c="0.000000" m_d="2.700000" m_tx="-68.000000" m_ty="-277.000000"/>
  </frame>
  <frame idx="800" w="208" h="563" x="0.900002" y="-151.199997">
   <element name="symbol0" layername="hornwhite" frame="0" z_index="4" m_a="2.700000" m_b="0.000000" m_c="0.000000" m_d="2.700000" m_tx="-68.000000" m_ty="-277.000000"/>
  </frame>
  <frame idx="825" w="208" h="563" x="0.900002" y="-151.199997">
   <element name="symbol0" layername="hornwhite" frame="0" z_index="4" m_a="2.700000" m_b="0.000000" m_c="0.000000" m_d="2.700000" m_tx="-68.000000" m_ty="-277.000000"/>
  </frame>
  <frame idx="850" w="208" h="563" x="0.900002" y="-151.199997">
   <element name="symbol0" layername="hornwhite" frame="0" z_index="4" m_a="2.700000" m_b="0.000000" m_c="0.000000" m_d="2.700000" m_tx="-68.000000" m_ty="-277.000000"/>
  </frame>
  <frame idx="875" w="208" h="563" x="0.900002" y="-151.199997">
   <element name="symbol0" layername="hornwhite" frame="0" z_index="4" m_a="2.700000" m_b="0.000000" m_c="0.000000" m_d="2.700000" m_tx="-68.000000" m_ty="-277.000000"/>
  </frame>
  <frame idx="900" w="208" h="563" x="0.900002" y="-151.199997">
   <element name="symbol0" layername="hornwhite" frame="0" z_index="4" m_a="2.700000" m_b="0.000000" m_c="0.000000" m_d="2.700000" m_tx="-68.000000" m_ty="-277.000000"/>
  </frame>
  <frame idx="925" w="208" h="563" x="0.900002" y="-151.199997">
   <element name="symbol0" layername="hornwhite" frame="0" z_index="4" m_a="2.700000" m_b="0.000000" m_c="0.000000" m_d="2.700000" m_tx="-68.000000" m_ty="-277.000000"/>
  </frame>
  <frame idx="950" w="208" h="563" x="0.900002" y="-151.199997">
   <element name="symbol0" layername="hornwhite" frame="0" z_index="4" m_a="2.700000" m_b="0.000000" m_c="0.000000" m_d="2.700000" m_tx="-68.000000" m_ty="-277.000000"/>
  </frame>
  <frame idx="975" w="208" h="563" x="0.900002" y="-151.199997">
   <element name="symbol0" layername="hornwhite" frame="0" z_index="4" m_a="2.700000" m_b="0.000000" m_c="0.000000" m_d="2.700000" m_tx="-68.000000" m_ty="-277.000000"/>
  </frame>
  <frame idx="1000" w="208" h="563" x="0.900002" y="-151.199997">
   <element name="symbol0" layername="hornwhite" frame="0" z_index="4" m_a="2.700000" m_b="0.000000" m_c="0.000000" m_d="2.700000" m_tx="-68.000000" m_ty="-277.000000"/>
  </frame>
  <frame idx="1025" w="208" h="563" x="0.900002" y="-151.199997">
   <element name="symbol0" layername="hornwhite" frame="0" z_index="4" m_a="2.700000" m_b="0.000000" m_c="0.000000" m_d="2.700000" m_tx="-68.000000" m_ty="-277.000000"/>
  </frame>
  <frame idx="1050" w="208" h="563" x="0.900002" y="-151.199997">
   <element name="symbol0" layername="hornwhite" frame="0" z_index="4" m_a="2.700000" m_b="0.000000" m_c="0.000000" m_d="2.700000" m_tx="-68.000000" m_ty="-277.000000"/>
  </frame>
  <frame idx="1075" w="208" h="563" x="0.900002" y="-151.199997">
   <element name="symbol0" layername="hornwhite" frame="0" z_index="4" m_a="2.700000" m_b="0.000000" m_c="0.000000" m_d="2.700000" m_tx="-68.000000" m_ty="-277.000000"/>
  </frame>
  <frame idx="1100" w="208" h="563" x="0.900002" y="-151.199997">
   <element name="symbol0" layername="hornwhite" frame="0" z_index="4" m_a="2.700000" m_b="0.000000" m_c="0.000000" m_d="2.700000" m_tx="-68.000000" m_ty="-277.000000"/>
  </frame>
  <frame idx="1125" w="208" h="563" x="0.900002" y="-151.199997">
   <element name="symbol0" layername="hornwhite" frame="0" z_index="4" m_a="2.700000" m_b="0.000000" m_c="0.000000" m_d="2.700000" m_tx="-68.000000" m_ty="-277.000000"/>
  </frame>
  <frame idx="1150" w="208" h="563" x="0.900002" y="-151.199997">
   <element name="symbol0" layername="hornwhite" frame="0" z_index="4" m_a="2.700000" m_b="0.000000" m_c="0.000000" m_d="2.700000" m_tx="-68.000000" m_ty="-277.000000"/>
  </frame>
  <frame idx="1175" w="208" h="563" x="0.900002" y="-151.199997">
   <element name="symbol0" layername="hornwhite" frame="0" z_index="4" m_a="2.700000" m_b="0.000000" m_c="0.000000" m_d="2.700000" m_tx="-68.000000" m_ty="-277.000000"/>
  </frame>
  <frame idx="1200" w="208" h="563" x="0.900002" y="-151.199997">
   <element name="symbol0" layername="hornwhite" frame="0" z_index="4" m_a="2.700000" m_b="0.000000" m_c="0.000000" m_d="2.700000" m_tx="-68.000000" m_ty="-277.000000"/>
  </frame>
  <frame idx="1225" w="208" h="563" x="0.900002" y="-151.199997">
   <element name="symbol0" layername="hornwhite" frame="0" z_index="4" m_a="2.700000" m_b="0.000000" m_c="0.000000" m_d="2.700000" m_tx="-68.000000" m_ty="-277.000000"/>
  </frame>
  <frame idx="1250" w="208" h="563" x="0.900002" y="-151.199997">
   <element name="symbol0" layername="hornwhite" frame="0" z_index="4" m_a="2.700000" m_b="0.000000" m_c="0.000000" m_d="2.700000" m_tx="-68.000000" m_ty="-277.000000"/>
  </frame>
  <frame idx="1275" w="208" h="563" x="0.900002" y="-151.199997">
   <element name="symbol0" layername="hornwhite" frame="0" z_index="4" m_a="2.700000" m_b="0.000000" m_c="0.000000" m_d="2.700000" m_tx="-68.000000" m_ty="-277.000000"/>
  </frame>
  <frame idx="1300" w="208" h="563" x="0.900002" y="-151.199997">
   <element name="symbol0" layername="hornwhite" frame="0" z_index="4" m_a="2.700000" m_b="0.000000" m_c="0.000000" m_d="2.700000" m_tx="-68.000000" m_ty="-277.000000"/>
  </frame>
  <frame idx="1325" w="208" h="563" x="0.900002" y="-151.199997">
   <element name="symbol0" layername="hornwhite" frame="0" z_index="4" m_a="2.700000" m_b="0.000000" m_c="0.000000" m_d="2.700000" m_tx="-68.000000" m_ty="-277.000000"/>
  </frame>
  <frame idx="1350" w="208" h="563" x="0.900002" y="-151.199997">
   <element name="symbol0" layername="hornwhite" frame="0" z_index="4" m_a="2.700000" m_b="0.000000" m_c="0.000000" m_d="2.700000" m_tx="-68.000000" m_ty="-277.000000"/>
  </frame>
  <frame idx="1375" w="208" h="563" x="0.900002" y="-151.199997">
   <element name="symbol0" layername="hornwhite" frame="0" z_index="4" m_a="2.700000" m_b="0.000000" m_c="0.000000" m_d="2.700000" m_tx="-68.000000" m_ty="-277.000000"/>
  </frame>
  <frame idx="1400" w="208" h="563" x="0.900002" y="-151.199997">
   <element name="symbol0" layername="hornwhite" frame="0" z_index="4" m_a="2.700000" m_b="0.000000" m_c="0.000000" m_d="2.700000" m_tx="-68.000000" m_ty="-277.000000"/>
  </frame>
  <frame idx="1425" w="208" h="563" x="0.900002" y="-151.199997">
   <element name="symbol0" layername="hornwhite" frame="0" z_index="4" m_a="2.700000" m_b="0.000000" m_c="0.000000" m_d="2.700000" m_tx="-68.000000" m_ty="-277.000000"/>
  </frame>
  <frame idx="1450" w="208" h="563" x="0.900002" y="-151.199997">
   <element name="symbol0" layername="hornwhite" frame="0" z_index="4" m_a="2.700000" m_b="0.000000" m_c="0.000000" m_d="2.700000" m_tx="-68.000000" m_ty="-277.000000"/>
  </frame>
  <frame idx="1475" w="208" h="563" x="0.900002" y="-151.199997">
   <element name="symbol0" layername="hornwhite" frame="0" z_index="4" m_a="2.700000" m_b="0.000000" m_c="0.000000" m_d="2.700000" m_tx="-68.000000" m_ty="-277.000000"/>
  </frame>
  <frame idx="1500" w="208" h="563" x="0.900002" y="-151.199997">
   <element name="symbol0" layername="hornglow" frame="1" z_index="3" m_a="2.700000" m_b="0.000000" m_c="0.000000" m_d="2.700000" m_tx="-68.000000" m_ty="-277.000000"/>
   <element name="symbol0" layername="hornwhite" frame="0" z_index="4" m_a="2.700000" m_b="0.000000" m_c="0.000000" m_d="2.700000" m_tx="-68.000000" m_ty="-277.000000"/>
  </frame>
  <frame idx="1525" w="208" h="563" x="0.900002" y="-151.199997">
   <element name="symbol0" layername="hornglow" frame="1" z_index="3" m_a="2.700000" m_b="0.000000" m_c="0.000000" m_d="2.700000" m_tx="-68.000000" m_ty="-277.000000"/>
   <element name="symbol0" layername="hornwhite" frame="0" z_index="4" m_a="2.700000" m_b="0.000000" m_c="0.000000" m_d="2.700000" m_tx="-68.000000" m_ty="-277.000000"/>
  </frame>
  <frame idx="1550" w="208" h="563" x="0.900002" y="-151.199997">
   <element name="symbol0" layername="hornglow" frame="1" z_index="3" m_a="2.700000" m_b="0.000000" m_c="0.000000" m_d="2.700000" m_tx="-68.000000" m_ty="-277.000000"/>
   <element name="symbol0" layername="hornwhite" frame="0" z_index="4" m_a="2.700000" m_b="0.000000" m_c="0.000000" m_d="2.700000" m_tx="-68.000000" m_ty="-277.000000"/>
  </frame>
  <frame idx="1575" w="208" h="563" x="0.900002" y="-151.199997">
   <element name="symbol0" layername="hornglow" frame="1" z_index="3" m_a="2.700000" m_b="0.000000" m_c="0.000000" m_d="2.700000" m_tx="-68.000000" m_ty="-277.000000"/>
   <element name="symbol0" layername="hornwhite" frame="0" z_index="4" m_a="2.700000" m_b="0.000000" m_c="0.000000" m_d="2.700000" m_tx="-68.000000" m_ty="-277.000000"/>
  </frame>
  <frame idx="1600" w="208" h="563" x="0.900002" y="-151.199997">
   <element name="symbol0" layername="hornglow" frame="1" z_index="3" m_a="2.700000" m_b="0.000000" m_c="0.000000" m_d="2.700000" m_tx="-68.000000" m_ty="-277.000000"/>
   <element name="symbol0" layername="hornwhite" frame="0" z_index="4" m_a="2.700000" m_b="0.000000" m_c="0.000000" m_d="2.700000" m_tx="-68.000000" m_ty="-277.000000"/>
  </frame>
  <frame idx="1625" w="208" h="563" x="0.900002" y="-151.199997">
   <element name="symbol0" layername="hornglow" frame="1" z_index="3" m_a="2.700000" m_b="0.000000" m_c="0.000000" m_d="2.700000" m_tx="-68.000000" m_ty="-277.000000"/>
   <element name="symbol0" layername="hornwhite" frame="0" z_index="4" m_a="2.700000" m_b="0.000000" m_c="0.000000" m_d="2.700000" m_tx="-68.000000" m_ty="-277.000000"/>
  </frame>
  <frame idx="1650" w="208" h="563" x="0.900002" y="-151.199997">
   <element name="symbol0" layername="hornglow" frame="1" z_index="3" m_a="2.700000" m_b="0.000000" m_c="0.000000" m_d="2.700000" m_tx="-68.000000" m_ty="-277.000000"/>
   <element name="symbol0" layername="hornwhite" frame="0" z_index="4" m_a="2.700000" m_b="0.000000" m_c="0.000000" m_d="2.700000" m_tx="-68.000000" m_ty="-277.000000"/>
  </frame>
  <frame idx="1675" w="208" h="563" x="0.900002" y="-151.199997">
   <element name="symbol0" layername="hornglow" frame="1" z_index="3" m_a="2.700000" m_b="0.000000" m_c="0.000000" m_d="2.700000" m_tx="-68.000000" m_ty="-277.000000"/>
   <element name="symbol0" layername="hornwhite" frame="0" z_index="4" m_a="2.700000" m_b="0.000000" m_c="0.000000" m_d="2.700000" m_tx="-68.000000" m_ty="-277.000000"/>
  </frame>
  <frame idx="1700" w="208" h="563" x="0.900002" y="-151.199997">
   <element name="symbol0" layername="hornglow" frame="1" z_index="3" m_a="2.700000" m_b="0.000000" m_c="0.000000" m_d="2.700000" m_tx="-68.000000" m_ty="-277.000000"/>
   <element name="symbol0" layername="hornwhite" frame="0" z_index="4" m_a="2.700000" m_b="0.000000" m_c="0.000000" m_d="2.700000" m_tx="-68.000000" m_ty="-277.000000"/>
  </frame>
  <frame idx="1725" w="208" h="563" x="0.900002" y="-151.199997">
   <element name="symbol0" layername="hornglow" frame="1" z_index="3" m_a="2.700000" m_b="0.000000" m_c="0.000000" m_d="2.700000" m_tx="-68.000000" m_ty="-277.000000"/>
   <element name="symbol0" layername="hornwhite" frame="0" z_index="4" m_a="2.700000" m_b="0.000000" m_c="0.000000" m_d="2.700000" m_tx="-68.000000" m_ty="-277.000000"/>
  </frame>
  <frame idx="1750" w="208" h="563" x="0.900002" y="-151.199997">
   <element name="symbol0" layername="hornglow" frame="1" z_index="3" m_a="2.700000" m_b="0.000000" m_c="0.000000" m_d="2.700000" m_tx="-68.000000" m_ty="-277.000000"/>
   <element name="symbol0" layername="hornwhite" frame="0" z_index="4" m_a="2.700000" m_b="0.000000" m_c="0.000000" m_d="2.700000" m_tx="-68.000000" m_ty="-277.000000"/>
  </frame>
  <frame idx="1775" w="208" h="563" x="0.900002" y="-151.199997">
   <element name="symbol0" layername="hornglow" frame="1" z_index="3" m_a="2.700000" m_b="0.000000" m_c="0.000000" m_d="2.700000" m_tx="-68.000000" m_ty="-277.000000"/>
   <element name="symbol0" layername="hornwhite" frame="0" z_index="4" m_a="2.700000" m_b="0.000000" m_c="0.000000" m_d="2.700000" m_tx="-68.000000" m_ty="-277.000000"/>
  </frame>
  <frame idx="1800" w="208" h="563" x="0.900002" y="-151.199997">
   <element name="symbol0" layername="hornglow" frame="1" z_index="3" m_a="2.700000" m_b="0.000000" m_c="0.000000" m_d="2.700000" m_tx="-68.000000" m_ty="-277.000000"/>
   <element name="symbol0" layername="hornwhite" frame="0" z_index="4" m_a="2.700000" m_b="0.000000" m_c="0.000000" m_d="2.700000" m_tx="-68.000000" m_ty="-277.000000"/>
  </frame>
  <frame idx="1825" w="208" h="563" x="0.900002" y="-151.199997">
   <element name="symbol0" layername="hornglow" frame="1" z_index="3" m_a="2.700000" m_b="0.000000" m_c="0.000000" m_d="2.700000" m_tx="-68.000000" m_ty="-277.000000"/>
   <element name="symbol0" layername="hornwhite" frame="0" z_index="4" m_a="2.700000" m_b="0.000000" m_c="0.000000" m_d="2.700000" m_tx="-68.000000" m_ty="-277.000000"/>
  </frame>
  <frame idx="1850" w="208" h="563" x="0.900002" y="-151.199997">
   <element name="symbol0" layername="hornglow" frame="1" z_index="3" m_a="2.700000" m_b="0.000000" m_c="0.000000" m_d="2.700000" m_tx="-68.000000" m_ty="-277.000000"/>
   <element name="symbol0" layername="hornwhite" frame="0" z_index="4" m_a="2.700000" m_b="0.000000" m_c="0.000000" m_d="2.700000" m_tx="-68.000000" m_ty="-277.000000"/>
  </frame>
  <frame idx="1875" w="208" h="563" x="0.900002" y="-151.199997">
   <element name="symbol0" layername="hornglow" frame="1" z_index="3" m_a="2.700000" m_b="0.000000" m_c="0.000000" m_d="2.700000" m_tx="-68.000000" m_ty="-277.000000"/>
   <element name="symbol0" layername="hornwhite" frame="0" z_index="4" m_a="2.700000" m_b="0.000000" m_c="0.000000" m_d="2.700000" m_tx="-68.000000" m_ty="-277.000000"/>
  </frame>
  <frame idx="1900" w="208" h="563" x="0.900002" y="-151.199997">
   <element name="symbol0" layername="hornglow" frame="1" z_index="3" m_a="2.700000" m_b="0.000000" m_c="0.000000" m_d="2.700000" m_tx="-68.000000" m_ty="-277.000000"/>
   <element name="symbol0" layername="hornwhite" frame="0" z_index="4" m_a="2.700000" m_b="0.000000" m_c="0.000000" m_d="2.700000" m_tx="-68.000000" m_ty="-277.000000"/>
  </frame>
  <frame idx="1925" w="208" h="563" x="0.900002" y="-151.199997">
   <element name="symbol0" layername="hornglow" frame="1" z_index="3" m_a="2.700000" m_b="0.000000" m_c="0.000000" m_d="2.700000" m_tx="-68.000000" m_ty="-277.000000"/>
   <element name="symbol0" layername="hornwhite" frame="0" z_index="4" m_a="2.700000" m_b="0.000000" m_c="0.000000" m_d="2.700000" m_tx="-68.000000" m_ty="-277.000000"/>
  </frame>
  <frame idx="1950" w="208" h="563" x="0.900002" y="-151.199997">
   <element name="symbol0" layername="hornglow" frame="1" z_index="3" m_a="2.700000" m_b="0.000000" m_c="0.000000" m_d="2.700000" m_tx="-68.000000" m_ty="-277.000000"/>
   <element name="symbol0" layername="hornwhite" frame="0" z_index="4" m_a="2.700000" m_b="0.000000" m_c="0.000000" m_d="2.700000" m_tx="-68.000000" m_ty="-277.000000"/>
  </frame>
  <frame idx="1975" w="208" h="563" x="0.900002" y="-151.199997">
   <element name="symbol0" layername="hornglow" frame="1" z_index="3" m_a="2.700000" m_b="0.000000" m_c="0.000000" m_d="2.700000" m_tx="-68.000000" m_ty="-277.000000"/>
   <element name="symbol0" layername="hornwhite" frame="0" z_index="4" m_a="2.700000" m_b="0.000000" m_c="0.000000" m_d="2.700000" m_tx="-68.000000" m_ty="-277.000000"/>
  </frame>
  <frame idx="2000" w="208" h="563" x="0.900002" y="-151.199997">
   <element name="symbol0" layername="hornglow" frame="1" z_index="3" m_a="2.700000" m_b="0.000000" m_c="0.000000" m_d="2.700000" m_tx="-68.000000" m_ty="-277.000000"/>
   <element name="symbol0" layername="hornwhite" frame="0" z_index="4" m_a="2.700000" m_b="0.000000" m_c="0.000000" m_d="2.700000" m_tx="-68.000000" m_ty="-277.000000"/>
  </frame>
  <frame idx="2025" w="208" h="563" x="0.900002" y="-151.199997">
   <element name="symbol0" layername="hornglow" frame="1" z_index="3" m_a="2.700000" m_b="0.000000" m_c="0.000000" m_d="2.700000" m_tx="-68.000000" m_ty="-277.000000"/>
   <element name="symbol0" layername="hornwhite" frame="0" z_index="4" m_a="2.700000" m_b="0.000000" m_c="0.000000" m_d="2.700000" m_tx="-68.000000" m_ty="-277.000000"/>
  </frame>
  <frame idx="2050" w="208" h="563" x="0.900002" y="-151.199997">
   <element name="symbol0" layername="hornglow" frame="1" z_index="3" m_a="2.700000" m_b="0.000000" m_c="0.000000" m_d="2.700000" m_tx="-68.000000" m_ty="-277.000000"/>
   <element name="symbol0" layername="hornwhite" frame="0" z_index="4" m_a="2.700000" m_b="0.000000" m_c="0.000000" m_d="2.700000" m_tx="-68.000000" m_ty="-277.000000"/>
  </frame>
  <frame idx="2075" w="208" h="563" x="0.900002" y="-151.199997">
   <element name="symbol0" layername="hornglow" frame="1" z_index="3" m_a="2.700000" m_b="0.000000" m_c="0.000000" m_d="2.700000" m_tx="-68.000000" m_ty="-277.000000"/>
   <element name="symbol0" layername="hornwhite" frame="0" z_index="4" m_a="2.700000" m_b="0.000000" m_c="0.000000" m_d="2.700000" m_tx="-68.000000" m_ty="-277.000000"/>
  </frame>
  <frame idx="2100" w="208" h="563" x="0.900002" y="-151.199997">
   <element name="symbol0" layername="hornglow" frame="1" z_index="3" m_a="2.700000" m_b="0.000000" m_c="0.000000" m_d="2.700000" m_tx="-68.000000" m_ty="-277.000000"/>
   <element name="symbol0" layername="hornwhite" frame="0" z_index="4" m_a="2.700000" m_b="0.000000" m_c="0.000000" m_d="2.700000" m_tx="-68.000000" m_ty="-277.000000"/>
  </frame>
  <frame idx="2125" w="208" h="563" x="0.900002" y="-151.199997">
   <element name="symbol0" layername="hornglow" frame="1" z_index="3" m_a="2.700000" m_b="0.000000" m_c="0.000000" m_d="2.700000" m_tx="-68.000000" m_ty="-277.000000"/>
   <element name="symbol0" layername="hornwhite" frame="0" z_index="4" m_a="2.700000" m_b="0.000000" m_c="0.000000" m_d="2.700000" m_tx="-68.000000" m_ty="-277.000000"/>
  </frame>
  <frame idx="2150" w="208" h="563" x="0.900002" y="-151.199997">
   <element name="symbol0" layername="hornglow" frame="1" z_index="3" m_a="2.700000" m_b="0.000000" m_c="0.000000" m_d="2.700000" m_tx="-68.000000" m_ty="-277.000000"/>
   <element name="symbol0" layername="hornwhite" frame="0" z_index="4" m_a="2.700000" m_b="0.000000" m_c="0.000000" m_d="2.700000" m_tx="-68.000000" m_ty="-277.000000"/>
  </frame>
  <frame idx="2175" w="208" h="563" x="0.900002" y="-151.199997">
   <element name="symbol0" layername="hornglow" frame="1" z_index="3" m_a="2.700000" m_b="0.000000" m_c="0.000000" m_d="2.700000" m_tx="-68.000000" m_ty="-277.000000"/>
   <element name="symbol0" layername="hornwhite" frame="0" z_index="4" m_a="2.700000" m_b="0.000000" m_c="0.000000" m_d="2.700000" m_tx="-68.000000" m_ty="-277.000000"/>
  </frame>
  <frame idx="2200" w="208" h="563" x="0.900002" y="-151.199997">
   <element name="symbol0" layername="hornglow" frame="1" z_index="3" m_a="2.700000" m_b="0.000000" m_c="0.000000" m_d="2.700000" m_tx="-68.000000" m_ty="-277.000000"/>
   <element name="symbol0" layername="hornwhite" frame="0" z_index="4" m_a="2.700000" m_b="0.000000" m_c="0.000000" m_d="2.700000" m_tx="-68.000000" m_ty="-277.000000"/>
  </frame>
  <frame idx="2225" w="208" h="563" x="0.900002" y="-151.199997">
   <element name="symbol0" layername="hornglow" frame="1" z_index="3" m_a="2.700000" m_b="0.000000" m_c="0.000000" m_d="2.700000" m_tx="-68.000000" m_ty="-277.000000"/>
   <element name="symbol0" layername="hornwhite" frame="0" z_index="4" m_a="2.700000" m_b="0.000000" m_c="0.000000" m_d="2.700000" m_tx="-68.000000" m_ty="-277.000000"/>
  </frame>
  <frame idx="2250" w="208" h="563" x="0.900002" y="-151.199997">
   <element name="symbol0" layername="hornglow" frame="1" z_index="3" m_a="2.700000" m_b="0.000000" m_c="0.000000" m_d="2.700000" m_tx="-68.000000" m_ty="-277.000000"/>
   <element name="symbol0" layername="hornwhite" frame="0" z_index="4" m_a="2.700000" m_b="0.000000" m_c="0.000000" m_d="2.700000" m_tx="-68.000000" m_ty="-277.000000"/>
  </frame>
  <frame idx="2275" w="208" h="563" x="0.900002" y="-151.199997">
   <element name="symbol0" layername="hornglow" frame="1" z_index="3" m_a="2.700000" m_b="0.000000" m_c="0.000000" m_d="2.700000" m_tx="-68.000000" m_ty="-277.000000"/>
   <element name="symbol0" layername="hornwhite" frame="0" z_index="4" m_a="2.700000" m_b="0.000000" m_c="0.000000" m_d="2.700000" m_tx="-68.000000" m_ty="-277.000000"/>
  </frame>
  <frame idx="2300" w="208" h="563" x="0.900002" y="-151.199997">
   <element name="symbol0" layername="hornglow" frame="1" z_index="3" m_a="2.700000" m_b="0.000000" m_c="0.000000" m_d="2.700000" m_tx="-68.000000" m_ty="-277.000000"/>
   <element name="symbol0" layername="hornwhite" frame="0" z_index="4" m_a="2.700000" m_b="0.000000" m_c="0.000000" m_d="2.700000" m_tx="-68.000000" m_ty="-277.000000"/>
  </frame>
  <frame idx="2325" w="208" h="563" x="0.900002" y="-151.199997">
   <element name="symbol0" layername="hornglow" frame="1" z_index="3" m_a="2.700000" m_b="0.000000" m_c="0.000000" m_d="2.700000" m_tx="-68.000000" m_ty="-277.000000"/>
   <element name="symbol0" layername="hornwhite" frame="0" z_index="4" m_a="2.700000" m_b="0.000000" m_c="0.000000" m_d="2.700000" m_tx="-68.000000" m_ty="-277.000000"/>
  </frame>
  <frame idx="2350" w="208" h="563" x="0.900002" y="-151.199997">
   <element name="symbol0" layername="hornglow" frame="1" z_index="3" m_a="2.700000" m_b="0.000000" m_c="0.000000" m_d="2.700000" m_tx="-68.000000" m_ty="-277.000000"/>
   <element name="symbol0" layername="hornwhite" frame="0" z_index="4" m_a="2.700000" m_b="0.000000" m_c="0.000000" m_d="2.700000" m_tx="-68.000000" m_ty="-277.000000"/>
  </frame>
  <frame idx="2375" w="208" h="563" x="0.900002" y="-151.199997">
   <element name="symbol0" layername="hornglow" frame="1" z_index="3" m_a="2.700000" m_b="0.000000" m_c="0.000000" m_d="2.700000" m_tx="-68.000000" m_ty="-277.000000"/>
   <element name="symbol0" layername="hornwhite" frame="0" z_index="4" m_a="2.700000" m_b="0.000000" m_c="0.000000" m_d="2.700000" m_tx="-68.000000" m_ty="-277.000000"/>
  </frame>
  <frame idx="2400" w="208" h="563" x="0.900002" y="-151.199997">
   <element name="symbol0" layername="hornglow" frame="1" z_index="3" m_a="2.700000" m_b="0.000000" m_c="0.000000" m_d="2.700000" m_tx="-68.000000" m_ty="-277.000000"/>
   <element name="symbol0" layername="hornwhite" frame="0" z_index="4" m_a="2.700000" m_b="0.000000" m_c="0.000000" m_d="2.700000" m_tx="-68.000000" m_ty="-277.000000"/>
  </frame>
  <frame idx="2425" w="208" h="563" x="0.900002" y="-151.199997">
   <element name="symbol0" layername="hornglow" frame="1" z_index="3" m_a="2.700000" m_b="0.000000" m_c="0.000000" m_d="2.700000" m_tx="-68.000000" m_ty="-277.000000"/>
   <element name="symbol0" layername="hornwhite" frame="0" z_index="4" m_a="2.700000" m_b="0.000000" m_c="0.000000" m_d="2.700000" m_tx="-68.000000" m_ty="-277.000000"/>
  </frame>
  <frame idx="2450" w="208" h="563" x="0.900002" y="-151.199997">
   <element name="symbol0" layername="hornglow" frame="1" z_index="3" m_a="2.700000" m_b="0.000000" m_c="0.000000" m_d="2.700000" m_tx="-68.000000" m_ty="-277.000000"/>
   <element name="symbol0" layername="hornwhite" frame="0" z_index="4" m_a="2.700000" m_b="0.000000" m_c="0.000000" m_d="2.700000" m_tx="-68.000000" m_ty="-277.000000"/>
  </frame>
  <frame idx="2475" w="208" h="563" x="0.900002" y="-151.199997">
   <element name="symbol0" layername="hornglow" frame="1" z_index="3" m_a="2.700000" m_b="0.000000" m_c="0.000000" m_d="2.700000" m_tx="-68.000000" m_ty="-277.000000"/>
   <element name="symbol0" layername="hornwhite" frame="0" z_index="4" m_a="2.700000" m_b="0.000000" m_c="0.000000" m_d="2.700000" m_tx="-68.000000" m_ty="-277.000000"/>
  </frame>
  <frame idx="2500" w="208" h="563" x="0.900002" y="-151.199997">
   <element name="symbol0" layername="hornglow" frame="1" z_index="3" m_a="2.700000" m_b="0.000000" m_c="0.000000" m_d="2.700000" m_tx="-68.000000" m_ty="-277.000000"/>
   <element name="symbol0" layername="hornwhite" frame="0" z_index="4" m_a="2.700000" m_b="0.000000" m_c="0.000000" m_d="2.700000" m_tx="-68.000000" m_ty="-277.000000"/>
  </frame>
  <frame idx="2525" w="208" h="563" x="0.900002" y="-151.199997">
   <element name="symbol0" layername="hornglow" frame="1" z_index="3" m_a="2.700000" m_b="0.000000" m_c="0.000000" m_d="2.700000" m_tx="-68.000000" m_ty="-277.000000"/>
   <element name="symbol0" layername="hornwhite" frame="0" z_index="4" m_a="2.700000" m_b="0.000000" m_c="0.000000" m_d="2.700000" m_tx="-68.000000" m_ty="-277.000000"/>
  </frame>
  <frame idx="2550" w="208" h="563" x="0.900002" y="-151.199997">
   <element name="symbol0" layername="hornglow" frame="1" z_index="3" m_a="2.700000" m_b="0.000000" m_c="0.000000" m_d="2.700000" m_tx="-68.000000" m_ty="-277.000000"/>
   <element name="symbol0" layername="hornwhite" frame="0" z_index="4" m_a="2.700000" m_b="0.000000" m_c="0.000000" m_d="2.700000" m_tx="-68.000000" m_ty="-277.000000"/>
  </frame>
  <frame idx="2575" w="208" h="563" x="0.900002" y="-151.199997">
   <element name="symbol0" layername="hornglow" frame="1" z_index="3" m_a="2.700000" m_b="0.000000" m_c="0.000000" m_d="2.700000" m_tx="-68.000000" m_ty="-277.000000"/>
   <element name="symbol0" layername="hornwhite" frame="0" z_index="4" m_a="2.700000" m_b="0.000000" m_c="0.000000" m_d="2.700000" m_tx="-68.000000" m_ty="-277.000000"/>
  </frame>
  <frame idx="2600" w="208" h="563" x="0.900002" y="-151.199997">
   <element name="symbol0" layername="hornglow" frame="1" z_index="3" m_a="2.700000" m_b="0.000000" m_c="0.000000" m_d="2.700000" m_tx="-68.000000" m_ty="-277.000000"/>
   <element name="symbol0" layername="hornwhite" frame="0" z_index="4" m_a="2.700000" m_b="0.000000" m_c="0.000000" m_d="2.700000" m_tx="-68.000000" m_ty="-277.000000"/>
  </frame>
  <frame idx="2625" w="208" h="563" x="0.900002" y="-151.199997">
   <element name="symbol0" layername="hornglow" frame="1" z_index="3" m_a="2.700000" m_b="0.000000" m_c="0.000000" m_d="2.700000" m_tx="-68.000000" m_ty="-277.000000"/>
   <element name="symbol0" layername="hornwhite" frame="0" z_index="4" m_a="2.700000" m_b="0.000000" m_c="0.000000" m_d="2.700000" m_tx="-68.000000" m_ty="-277.000000"/>
  </frame>
  <frame idx="2650" w="208" h="563" x="0.900002" y="-151.199997">
   <element name="symbol0" layername="hornglow" frame="1" z_index="3" m_a="2.700000" m_b="0.000000" m_c="0.000000" m_d="2.700000" m_tx="-68.000000" m_ty="-277.000000"/>
   <element name="symbol0" layername="hornwhite" frame="0" z_index="4" m_a="2.700000" m_b="0.000000" m_c="0.000000" m_d="2.700000" m_tx="-68.000000" m_ty="-277.000000"/>
  </frame>
  <frame idx="2675" w="208" h="563" x="0.900002" y="-151.199997">
   <element name="symbol0" layername="hornglow" frame="1" z_index="3" m_a="2.700000" m_b="0.000000" m_c="0.000000" m_d="2.700000" m_tx="-68.000000" m_ty="-277.000000"/>
   <element name="symbol0" layername="hornwhite" frame="0" z_index="4" m_a="2.700000" m_b="0.000000" m_c="0.000000" m_d="2.700000" m_tx="-68.000000" m_ty="-277.000000"/>
  </frame>
  <frame idx="2700" w="208" h="563" x="0.900002" y="-151.199997">
   <element name="symbol0" layername="hornglow" frame="1" z_index="3" m_a="2.700000" m_b="0.000000" m_c="0.000000" m_d="2.700000" m_tx="-68.000000" m_ty="-277.000000"/>
   <element name="symbol0" layername="hornwhite" frame="0" z_index="4" m_a="2.700000" m_b="0.000000" m_c="0.000000" m_d="2.700000" m_tx="-68.000000" m_ty="-277.000000"/>
  </frame>
  <frame idx="2725" w="208" h="563" x="0.900002" y="-151.199997">
   <element name="symbol0" layername="hornglow" frame="1" z_index="3" m_a="2.700000" m_b="0.000000" m_c="0.000000" m_d="2.700000" m_tx="-68.000000" m_ty="-277.000000"/>
   <element name="symbol0" layername="hornwhite" frame="0" z_index="4" m_a="2.700000" m_b="0.000000" m_c="0.000000" m_d="2.700000" m_tx="-68.000000" m_ty="-277.000000"/>
  </frame>
  <frame idx="2750" w="208" h="563" x="0.900002" y="-151.199997">
   <element name="symbol0" layername="hornglow" frame="1" z_index="3" m_a="2.700000" m_b="0.000000" m_c="0.000000" m_d="2.700000" m_tx="-68.000000" m_ty="-277.000000"/>
   <element name="symbol0" layername="hornwhite" frame="0" z_index="4" m_a="2.700000" m_b="0.000000" m_c="0.000000" m_d="2.700000" m_tx="-68.000000" m_ty="-277.000000"/>
  </frame>
  <frame idx="2775" w="208" h="563" x="0.900002" y="-151.199997">
   <element name="symbol0" layername="hornglow" frame="1" z_index="3" m_a="2.700000" m_b="0.000000" m_c="0.000000" m_d="2.700000" m_tx="-68.000000" m_ty="-277.000000"/>
   <element name="symbol0" layername="hornwhite" frame="0" z_index="4" m_a="2.700000" m_b="0.000000" m_c="0.000000" m_d="2.700000" m_tx="-68.000000" m_ty="-277.000000"/>
  </frame>
  <frame idx="2800" w="208" h="563" x="0.900002" y="-151.199997">
   <element name="symbol0" layername="hornglow" frame="1" z_index="3" m_a="2.700000" m_b="0.000000" m_c="0.000000" m_d="2.700000" m_tx="-68.000000" m_ty="-277.000000"/>
   <element name="symbol0" layername="hornwhite" frame="0" z_index="4" m_a="2.700000" m_b="0.000000" m_c="0.000000" m_d="2.700000" m_tx="-68.000000" m_ty="-277.000000"/>
  </frame>
  <frame idx="2825" w="208" h="563" x="0.900002" y="-151.199997">
   <element name="symbol0" layername="hornglow" frame="1" z_index="3" m_a="2.700000" m_b="0.000000" m_c="0.000000" m_d="2.700000" m_tx="-68.000000" m_ty="-277.000000"/>
   <element name="symbol0" layername="hornwhite" frame="0" z_index="4" m_a="2.700000" m_b="0.000000" m_c="0.000000" m_d="2.700000" m_tx="-68.000000" m_ty="-277.000000"/>
  </frame>
  <frame idx="2850" w="208" h="563" x="0.900002" y="-151.199997">
   <element name="symbol0" layername="hornglow" frame="1" z_index="3" m_a="2.700000" m_b="0.000000" m_c="0.000000" m_d="2.700000" m_tx="-68.000000" m_ty="-277.000000"/>
   <element name="symbol0" layername="hornwhite" frame="0" z_index="4" m_a="2.700000" m_b="0.000000" m_c="0.000000" m_d="2.700000" m_tx="-68.000000" m_ty="-277.000000"/>
  </frame>
  <frame idx="2875" w="208" h="563" x="0.900002" y="-151.199997">
   <element name="symbol0" layername="hornglow" frame="1" z_index="3" m_a="2.700000" m_b="0.000000" m_c="0.000000" m_d="2.700000" m_tx="-68.000000" m_ty="-277.000000"/>
   <element name="symbol0" layername="hornwhite" frame="0" z_index="4" m_a="2.700000" m_b="0.000000" m_c="0.000000" m_d="2.700000" m_tx="-68.000000" m_ty="-277.000000"/>
  </frame>
  <frame idx="2900" w="208" h="563" x="0.900002" y="-151.199997">
   <element name="symbol0" layername="hornglow" frame="1" z_index="3" m_a="2.700000" m_b="0.000000" m_c="0.000000" m_d="2.700000" m_tx="-68.000000" m_ty="-277.000000"/>
   <element name="symbol0" layername="hornwhite" frame="0" z_index="4" m_a="2.700000" m_b="0.000000" m_c="0.000000" m_d="2.700000" m_tx="-68.000000" m_ty="-277.000000"/>
  </frame>
  <frame idx="2925" w="208" h="563" x="0.900002" y="-151.199997">
   <element name="symbol0" layername="hornglow" frame="1" z_index="3" m_a="2.700000" m_b="0.000000" m_c="0.000000" m_d="2.700000" m_tx="-68.000000" m_ty="-277.000000"/>
   <element name="symbol0" layername="hornwhite" frame="0" z_index="4" m_a="2.700000" m_b="0.000000" m_c="0.000000" m_d="2.700000" m_tx="-68.000000" m_ty="-277.000000"/>
  </frame>
  <frame idx="2950" w="208" h="563" x="0.900002" y="-151.199997">
   <element name="symbol0" layername="hornglow" frame="1" z_index="3" m_a="2.700000" m_b="0.000000" m_c="0.000000" m_d="2.700000" m_tx="-68.000000" m_ty="-277.000000"/>
   <element name="symbol0" layername="hornwhite" frame="0" z_index="4" m_a="2.700000" m_b="0.000000" m_c="0.000000" m_d="2.700000" m_tx="-68.000000" m_ty="-277.000000"/>
  </frame>
  <frame idx="2975" w="208" h="563" x="0.900002" y="-151.199997">
   <element name="symbol0" layername="hornglow" frame="1" z_index="3" m_a="2.700000" m_b="0.000000" m_c="0.000000" m_d="2.700000" m_tx="-68.000000" m_ty="-277.000000"/>
   <element name="symbol0" layername="hornwhite" frame="0" z_index="4" m_a="2.700000" m_b="0.000000" m_c="0.000000" m_d="2.700000" m_tx="-68.000000" m_ty="-277.000000"/>
  </frame>
 </anim>
</Anims>
